numa,hh
0,82.89367268
1,46.75404248
2,28.55135961
3,21.79127765
4,20.75336377
5,54.94095341
6,186.6483075
7,482.3755619
8,992.0520298
9,751.8542243
10,654.6419854
11,772.0623934
12,1212.053472
13,1233.561288
14,987.5308858
15,990.6578117
16,1167.82111
17,1499.200879
18,1111.675619
19,766.4004692
20,605.5341352
21,506.6202297
22,387.1331393
23,227.3469545
